[
    {
        "Type": "Movie",
        "Title": "Z",
        "Poster": "https://m.media-amazon.com/images/M/MV5BNDQ4ZTI5NTktOTY2ZS00NmM3LWE2ZTAtMTdjNzFmOWYzYzhkXkEyXkFqcGdeQXVyNjMwMjk0MTQ@._V1_.jpg",
        "Year": "1969-12-08",
        "imdbID": "tt0065234"
    },
    {
        "Type": "Movie",
        "Title": "Y\u00f4jinb\u00f4",
        "Poster": "https://m.media-amazon.com/images/M/MV5BZThiZjAzZjgtNDU3MC00YThhLThjYWUtZGRkYjc2ZWZlOTVjXkEyXkFqcGdeQXVyNTA4NzY1MzY@._V1_.jpg",
        "Year": "1961-09-13",
        "imdbID": "tt0055630"
    },
    {
        "Type": "Movie",
        "Title": "Yedinci Kogustaki Mucize",
        "Poster": "https://m.media-amazon.com/images/M/MV5BOGE3N2QxN2YtM2ZlNS00MWIyLWE1NDAtYWFlN2FiYjY1MjczXkEyXkFqcGdeQXVyOTUwNzc0ODc@._V1_.jpg",
        "Year": "2019-10-11",
        "imdbID": "tt10431500"
    },
    {
        "Type": "Movie",
        "Title": "Witness for the Prosecution",
        "Poster": "https://m.media-amazon.com/images/M/MV5BZDA4MWNkMTctZDQ0Mi00MTY2LThjYTAtNWM5OTY3NzA4MzIyXkEyXkFqcGdeQXVyNTE1NjY5Mg@@._V1_.jpg",
        "Year": "1958-02-06",
        "imdbID": "tt0051201"
    },
    {
        "Type": "Movie",
        "Title": "Whiplash",
        "Poster": "https://m.media-amazon.com/images/M/MV5BOTA5NDZlZGUtMjAxOS00YTRkLTkwYmMtYWQ0NWEwZDZiNjEzXkEyXkFqcGdeQXVyMTMxODk2OTU@._V1_.jpg",
        "Year": "2014-10-15",
        "imdbID": "tt2582802"
    },
    {
        "Type": "Movie",
        "Title": "Warrior",
        "Poster": "https://m.media-amazon.com/images/M/MV5BMTk4ODk5MTMyNV5BMl5BanBnXkFtZTcwMDMyNTg0Ng@@._V1_.jpg",
        "Year": "2011-09-09",
        "imdbID": "tt1291584"
    },
    {
        "Type": "Movie",
        "Title": "WALL\u00b7E",
        "Poster": "https://m.media-amazon.com/images/M/MV5BMjExMTg5OTU0NF5BMl5BanBnXkFtZTcwMjMxMzMzMw@@._V1_.jpg",
        "Year": "2008-06-27",
        "imdbID": "tt0910970"
    },
    {
        "Type": "Movie",
        "Title": "Vertigo",
        "Poster": "https://m.media-amazon.com/images/M/MV5BYTE4ODEwZDUtNDFjOC00NjAxLWEzYTQtYTI1NGVmZmFlNjdiL2ltYWdlL2ltYWdlXkEyXkFqcGdeQXVyNjc1NTYyMjg@._V1_.jpg",
        "Year": "1958-05-22",
        "imdbID": "tt0052357"
    },
    {
        "Type": "Movie",
        "Title": "V for Vendetta",
        "Poster": "https://m.media-amazon.com/images/M/MV5BOTI5ODc3NzExNV5BMl5BanBnXkFtZTcwNzYxNzQzMw@@._V1_.jpg",
        "Year": "2006-03-17",
        "imdbID": "tt0434409"
    },
    {
        "Type": "Movie",
        "Title": "Up",
        "Poster": "https://m.media-amazon.com/images/M/MV5BMTk3NDE2NzI4NF5BMl5BanBnXkFtZTgwNzE1MzEyMTE@._V1_.jpg",
        "Year": "2009-05-29",
        "imdbID": "tt1049413"
    },
    {
        "Type": "Movie",
        "Title": "Unforgiven",
        "Poster": "https://m.media-amazon.com/images/M/MV5BODM3YWY4NmQtN2Y3Ni00OTg0LWFhZGQtZWE3ZWY4MTJlOWU4XkEyXkFqcGdeQXVyNjU0OTQ0OTY@._V1_.jpg",
        "Year": "1992-08-07",
        "imdbID": "tt0105695"
    },
    {
        "Type": "Movie",
        "Title": "T\u00f4ky\u00f4 monogatari",
        "Poster": "https://m.media-amazon.com/images/M/MV5BYWQ4ZTRiODktNjAzZC00Nzg1LTk1YWQtNDFmNDI0NmZiNGIwXkEyXkFqcGdeQXVyNzkwMjQ5NzM@._V1_.jpg",
        "Year": "1972-03-13",
        "imdbID": "tt0046438"
    },
    {
        "Type": "Movie",
        "Title": "Tumbbad",
        "Poster": "https://m.media-amazon.com/images/M/MV5BYmQxNmU4ZjgtYzE5Mi00ZDlhLTlhOTctMzJkNjk2ZGUyZGEwXkEyXkFqcGdeQXVyMzgxMDA0Nzk@._V1_.jpg",
        "Year": "2018-10-12",
        "imdbID": "tt8239946"
    },
    {
        "Type": "Movie",
        "Title": "Trainspotting",
        "Poster": "https://m.media-amazon.com/images/M/MV5BMzA5Zjc3ZTMtMmU5YS00YTMwLWI4MWUtYTU0YTVmNjVmODZhXkEyXkFqcGdeQXVyNjU0OTQ0OTY@._V1_.jpg",
        "Year": "1996-08-09",
        "imdbID": "tt0117951"
    },
    {
        "Type": "Movie",
        "Title": "Toy Story 3",
        "Poster": "https://m.media-amazon.com/images/M/MV5BMTgxOTY4Mjc0MF5BMl5BanBnXkFtZTcwNTA4MDQyMw@@._V1_.jpg",
        "Year": "2010-06-18",
        "imdbID": "tt0435761"
    },
    {
        "Type": "Movie",
        "Title": "Toy Story",
        "Poster": "https://m.media-amazon.com/images/M/MV5BMDU2ZWJlMjktMTRhMy00ZTA5LWEzNDgtYmNmZTEwZTViZWJkXkEyXkFqcGdeQXVyNDQ2OTk4MzI@._V1_.jpg",
        "Year": "1995-11-22",
        "imdbID": "tt0114709"
    },
    {
        "Type": "Movie",
        "Title": "Tonari no Totoro",
        "Poster": "https://m.media-amazon.com/images/M/MV5BYzJjMTYyMjQtZDI0My00ZjE2LTkyNGYtOTllNGQxNDMyZjE0XkEyXkFqcGdeQXVyMTMxODk2OTU@._V1_.jpg",
        "Year": "1990-07-13",
        "imdbID": "tt0096283"
    },
    {
        "Type": "Movie",
        "Title": "To Kill a Mockingbird",
        "Poster": "https://m.media-amazon.com/images/M/MV5BNmVmYzcwNzMtMWM1NS00MWIyLThlMDEtYzUwZDgzODE1NmE2XkEyXkFqcGdeQXVyNzkwMjQ5NzM@._V1_.jpg",
        "Year": "1963-03-16",
        "imdbID": "tt0056592"
    },
    {
        "Type": "Movie",
        "Title": "To Be or Not to Be",
        "Poster": "https://m.media-amazon.com/images/M/MV5BYTIwNDcyMjktMTczMy00NDM5LTlhNDEtMmE3NGVjOTM2YjQ3XkEyXkFqcGdeQXVyNjc0MzMzNjA@._V1_.jpg",
        "Year": "1942-03-06",
        "imdbID": "tt0035446"
    },
    {
        "Type": "Movie",
        "Title": "Three Billboards Outside Ebbing, Missouri",
        "Poster": "https://m.media-amazon.com/images/M/MV5BMjI0ODcxNzM1N15BMl5BanBnXkFtZTgwMzIwMTEwNDI@._V1_.jpg",
        "Year": "2017-12-01",
        "imdbID": "tt5027774"
    },
    {
        "Type": "Movie",
        "Title": "There Will Be Blood",
        "Poster": "https://m.media-amazon.com/images/M/MV5BMjAxODQ4MDU5NV5BMl5BanBnXkFtZTcwMDU4MjU1MQ@@._V1_.jpg",
        "Year": "2008-01-25",
        "imdbID": "tt0469494"
    },
    {
        "Type": "Movie",
        "Title": "The Wolf of Wall Street",
        "Poster": "https://m.media-amazon.com/images/M/MV5BMjIxMjgxNTk0MF5BMl5BanBnXkFtZTgwNjIyOTg2MDE@._V1_.jpg",
        "Year": "2013-12-25",
        "imdbID": "tt0993846"
    },
    {
        "Type": "Movie",
        "Title": "The Usual Suspects",
        "Poster": "https://m.media-amazon.com/images/M/MV5BYTViNjMyNmUtNDFkNC00ZDRlLThmMDUtZDU2YWE4NGI2ZjVmXkEyXkFqcGdeQXVyNjU0OTQ0OTY@._V1_.jpg",
        "Year": "1995-08-16",
        "imdbID": "tt0114814"
    },
    {
        "Type": "Movie",
        "Title": "The Truman Show",
        "Poster": "https://m.media-amazon.com/images/M/MV5BMDIzODcyY2EtMmY2MC00ZWVlLTgwMzAtMjQwOWUyNmJjNTYyXkEyXkFqcGdeQXVyNDk3NzU2MTQ@._V1_.jpg",
        "Year": "1998-06-05",
        "imdbID": "tt0120382"
    },
    {
        "Type": "Movie",
        "Title": "The Treasure of the Sierra Madre",
        "Poster": "https://m.media-amazon.com/images/M/MV5BOTJlZWMxYzEtMjlkMS00ODE0LThlM2ItMDI3NGQ2YjhmMzkxXkEyXkFqcGdeQXVyMDI2NDg0NQ@@._V1_.jpg",
        "Year": "1948-01-24",
        "imdbID": "tt0040897"
    },
    {
        "Type": "Movie",
        "Title": "The Third Man",
        "Poster": "https://m.media-amazon.com/images/M/MV5BY2Y3OGIwNTgtYTlmMy00MDg0LWE4MTQtZDE2ODQ3ZThmNGYwXkEyXkFqcGdeQXVyNDQzMDg4Nzk@._V1_.jpg",
        "Year": "1949-09-03",
        "imdbID": "tt0041959"
    },
    {
        "Type": "Movie",
        "Title": "The Thing",
        "Poster": "https://m.media-amazon.com/images/M/MV5BNGViZWZmM2EtNGYzZi00ZDAyLTk3ODMtNzIyZTBjN2Y1NmM1XkEyXkFqcGdeQXVyNTAyODkwOQ@@._V1_.jpg",
        "Year": "1982-06-25",
        "imdbID": "tt0084787"
    },
    {
        "Type": "Movie",
        "Title": "The Sting",
        "Poster": "https://m.media-amazon.com/images/M/MV5BNGU3NjQ4YTMtZGJjOS00YTQ3LThmNmItMTI5MDE2ODI3NzY3XkEyXkFqcGdeQXVyMjUzOTY1NTc@._V1_.jpg",
        "Year": "1973-12-25",
        "imdbID": "tt0070735"
    },
    {
        "Type": "Movie",
        "Title": "The Sixth Sense",
        "Poster": "https://m.media-amazon.com/images/M/MV5BMWM4NTFhYjctNzUyNi00NGMwLTk3NTYtMDIyNTZmMzRlYmQyXkEyXkFqcGdeQXVyMTAwMzUyOTc@._V1_.jpg",
        "Year": "1999-08-06",
        "imdbID": "tt0167404"
    },
    {
        "Type": "Movie",
        "Title": "The Silence of the Lambs",
        "Poster": "https://m.media-amazon.com/images/M/MV5BNjNhZTk0ZmEtNjJhMi00YzFlLWE1MmEtYzM1M2ZmMGMwMTU4XkEyXkFqcGdeQXVyNjU0OTQ0OTY@._V1_.jpg",
        "Year": "1991-02-14",
        "imdbID": "tt0102926"
    },
    {
        "Type": "Movie",
        "Title": "The Shining",
        "Poster": "https://m.media-amazon.com/images/M/MV5BZWFlYmY2MGEtZjVkYS00YzU4LTg0YjQtYzY1ZGE3NTA5NGQxXkEyXkFqcGdeQXVyMTQxNzMzNDI@._V1_.jpg",
        "Year": "1980-06-13",
        "imdbID": "tt0081505"
    },
    {
        "Type": "Movie",
        "Title": "The Shawshank Redemption",
        "Poster": "https://m.media-amazon.com/images/M/MV5BMDFkYTc0MGEtZmNhMC00ZDIzLWFmNTEtODM1ZmRlYWMwMWFmXkEyXkFqcGdeQXVyMTMxODk2OTU@._V1_.jpg",
        "Year": "1994-10-14",
        "imdbID": "tt0111161"
    },
    {
        "Type": "Movie",
        "Title": "The Prestige",
        "Poster": "https://m.media-amazon.com/images/M/MV5BMjA4NDI0MTIxNF5BMl5BanBnXkFtZTYwNTM0MzY2._V1_.jpg",
        "Year": "2006-10-20",
        "imdbID": "tt0482571"
    },
    {
        "Type": "Movie",
        "Title": "The Pianist",
        "Poster": "https://m.media-amazon.com/images/M/MV5BOWRiZDIxZjktMTA1NC00MDQ2LWEzMjUtMTliZmY3NjQ3ODJiXkEyXkFqcGdeQXVyNjU0OTQ0OTY@._V1_.jpg",
        "Year": "2003-03-28",
        "imdbID": "tt0253474"
    },
    {
        "Type": "Movie",
        "Title": "The Matrix",
        "Poster": "https://m.media-amazon.com/images/M/MV5BNzQzOTk3OTAtNDQ0Zi00ZTVkLWI0MTEtMDllZjNkYzNjNTc4L2ltYWdlXkEyXkFqcGdeQXVyNjU0OTQ0OTY@._V1_.jpg",
        "Year": "1999-03-31",
        "imdbID": "tt0133093"
    },
    {
        "Type": "Movie",
        "Title": "The Lord of the Rings: The Two Towers",
        "Poster": "https://m.media-amazon.com/images/M/MV5BZGMxZTdjZmYtMmE2Ni00ZTdkLWI5NTgtNjlmMjBiNzU2MmI5XkEyXkFqcGdeQXVyNjU0OTQ0OTY@._V1_.jpg",
        "Year": "2002-12-18",
        "imdbID": "tt0167261"
    },
    {
        "Type": "Movie",
        "Title": "The Lord of the Rings: The Return of the King",
        "Poster": "https://m.media-amazon.com/images/M/MV5BNzA5ZDNlZWMtM2NhNS00NDJjLTk4NDItYTRmY2EwMWZlMTY3XkEyXkFqcGdeQXVyNzkwMjQ5NzM@._V1_.jpg",
        "Year": "2003-12-17",
        "imdbID": "tt0167260"
    },
    {
        "Type": "Movie",
        "Title": "The Lord of the Rings: The Fellowship of the Ring",
        "Poster": "https://m.media-amazon.com/images/M/MV5BN2EyZjM3NzUtNWUzMi00MTgxLWI0NTctMzY4M2VlOTdjZWRiXkEyXkFqcGdeQXVyNDUzOTQ5MjY@._V1_.jpg",
        "Year": "2001-12-19",
        "imdbID": "tt0120737"
    },
    {
        "Type": "Movie",
        "Title": "The Lion King",
        "Poster": "https://m.media-amazon.com/images/M/MV5BYTYxNGMyZTYtMjE3MS00MzNjLWFjNmYtMDk3N2FmM2JiM2M1XkEyXkFqcGdeQXVyNjY5NDU4NzI@._V1_.jpg",
        "Year": "1994-06-24",
        "imdbID": "tt0110357"
    },
    {
        "Type": "Movie",
        "Title": "The Kid",
        "Poster": "https://m.media-amazon.com/images/M/MV5BZjhhMThhNDItNTY2MC00MmU1LTliNDEtNDdhZjdlNTY5ZDQ1XkEyXkFqcGdeQXVyNjc1NTYyMjg@._V1_.jpg",
        "Year": "1921-02-06",
        "imdbID": "tt0012349"
    },
    {
        "Type": "Movie",
        "Title": "The Green Mile",
        "Poster": "https://m.media-amazon.com/images/M/MV5BMTUxMzQyNjA5MF5BMl5BanBnXkFtZTYwOTU2NTY3._V1_.jpg",
        "Year": "1999-12-10",
        "imdbID": "tt0120689"
    },
    {
        "Type": "Movie",
        "Title": "The Great Escape",
        "Poster": "https://m.media-amazon.com/images/M/MV5BNzA2NmYxMWUtNzBlMC00MWM2LTkwNmQtYTFlZjQwODNhOWE0XkEyXkFqcGdeQXVyNTIzOTk5ODM@._V1_.jpg",
        "Year": "1963-07-04",
        "imdbID": "tt0057115"
    },
    {
        "Type": "Movie",
        "Title": "The Great Dictator",
        "Poster": "https://m.media-amazon.com/images/M/MV5BMmExYWJjNTktNGUyZS00ODhmLTkxYzAtNWIzOGEyMGNiMmUwXkEyXkFqcGdeQXVyNjU0OTQ0OTY@._V1_.jpg",
        "Year": "1941-03-07",
        "imdbID": "tt0032553"
    },
    {
        "Type": "Movie",
        "Title": "The Grand Budapest Hotel",
        "Poster": "https://m.media-amazon.com/images/M/MV5BMzM5NjUxOTEyMl5BMl5BanBnXkFtZTgwNjEyMDM0MDE@._V1_.jpg",
        "Year": "2014-03-28",
        "imdbID": "tt2278388"
    },
    {
        "Type": "Movie",
        "Title": "The Gold Rush",
        "Poster": "https://m.media-amazon.com/images/M/MV5BZjEyOTE4MzMtNmMzMy00Mzc3LWJlOTQtOGJiNDE0ZmJiOTU4L2ltYWdlXkEyXkFqcGdeQXVyNTAyODkwOQ@@._V1_.jpg",
        "Year": "1925-07-13",
        "imdbID": "tt0015864"
    },
    {
        "Type": "Movie",
        "Title": "The Godfather: Part II",
        "Poster": "https://m.media-amazon.com/images/M/MV5BMWMwMGQzZTItY2JlNC00OWZiLWIyMDctNDk2ZDQ2YjRjMWQ0XkEyXkFqcGdeQXVyNzkwMjQ5NzM@._V1_.jpg",
        "Year": "1974-12-18",
        "imdbID": "tt0071562"
    },
    {
        "Type": "Movie",
        "Title": "The Godfather",
        "Poster": "https://m.media-amazon.com/images/M/MV5BM2MyNjYxNmUtYTAwNi00MTYxLWJmNWYtYzZlODY3ZTk3OTFlXkEyXkFqcGdeQXVyNzkwMjQ5NzM@._V1_.jpg",
        "Year": "1972-03-24",
        "imdbID": "tt0068646"
    },
    {
        "Type": "Movie",
        "Title": "The General",
        "Poster": "https://m.media-amazon.com/images/M/MV5BYmRiMDFlYjYtOTMwYy00OGY2LWE0Y2QtYzQxOGNhZmUwNTIxXkEyXkFqcGdeQXVyNzkwMjQ5NzM@._V1_.jpg",
        "Year": "1927-01-02",
        "imdbID": "tt0017925"
    },
    {
        "Type": "Movie",
        "Title": "The Father",
        "Poster": "https://m.media-amazon.com/images/M/MV5BZGJhNWRiOWQtMjI4OS00ZjcxLTgwMTAtMzQ2ODkxY2JkOTVlXkEyXkFqcGdeQXVyMTkxNjUyNQ@@._V1_.jpg",
        "Year": "2021-02-26",
        "imdbID": "tt10272386"
    },
    {
        "Type": "Movie",
        "Title": "The Elephant Man",
        "Poster": "https://m.media-amazon.com/images/M/MV5BMDVjNjIwOGItNDE3Ny00OThjLWE0NzQtZTU3YjMzZTZjMzhkXkEyXkFqcGdeQXVyMTQxNzMzNDI@._V1_.jpg",
        "Year": "1980-10-10",
        "imdbID": "tt0080678"
    },
    {
        "Type": "Movie",
        "Title": "The Departed",
        "Poster": "https://m.media-amazon.com/images/M/MV5BMTI1MTY2OTIxNV5BMl5BanBnXkFtZTYwNjQ4NjY3._V1_.jpg",
        "Year": "2006-10-06",
        "imdbID": "tt0407887"
    },
    {
        "Type": "Movie",
        "Title": "The Deer Hunter",
        "Poster": "https://m.media-amazon.com/images/M/MV5BNDhmNTA0ZDMtYjhkNS00NzEzLWIzYTItOGNkMTVmYjE2YmI3XkEyXkFqcGdeQXVyNzkwMjQ5NzM@._V1_.jpg",
        "Year": "1979-02-23",
        "imdbID": "tt0077416"
    },
    {
        "Type": "Movie",
        "Title": "The Dark Knight Rises",
        "Poster": "https://m.media-amazon.com/images/M/MV5BMTk4ODQzNDY3Ml5BMl5BanBnXkFtZTcwODA0NTM4Nw@@._V1_.jpg",
        "Year": "2012-07-20",
        "imdbID": "tt1345836"
    },
    {
        "Type": "Movie",
        "Title": "The Dark Knight",
        "Poster": "https://m.media-amazon.com/images/M/MV5BMTMxNTMwODM0NF5BMl5BanBnXkFtZTcwODAyMTk2Mw@@._V1_.jpg",
        "Year": "2008-07-18",
        "imdbID": "tt0468569"
    },
    {
        "Type": "Movie",
        "Title": "The Bridge on the River Kwai",
        "Poster": "https://m.media-amazon.com/images/M/MV5BOGY5NmNlMmQtYzRlYy00NGQ5LWFkYjYtNzExZmQyMTg0ZDA0XkEyXkFqcGdeQXVyNDIzMzcwNjc@._V1_.jpg",
        "Year": "1957-12-14",
        "imdbID": "tt0050212"
    },
    {
        "Type": "Movie",
        "Title": "The Big Lebowski",
        "Poster": "https://m.media-amazon.com/images/M/MV5BMTQ0NjUzMDMyOF5BMl5BanBnXkFtZTgwODA1OTU0MDE@._V1_.jpg",
        "Year": "1998-03-06",
        "imdbID": "tt0118715"
    },
    {
        "Type": "Movie",
        "Title": "The Apartment",
        "Poster": "https://m.media-amazon.com/images/M/MV5BNzkwODFjNzItMmMwNi00MTU5LWE2MzktM2M4ZDczZGM1MmViXkEyXkFqcGdeQXVyNDY2MTk1ODk@._V1_.jpg",
        "Year": "1960-06-29",
        "imdbID": "tt0053604"
    },
    {
        "Type": "Movie",
        "Title": "Terminator 2: Judgment Day",
        "Poster": "https://m.media-amazon.com/images/M/MV5BMGU2NzRmZjUtOGUxYS00ZjdjLWEwZWItY2NlM2JhNjkxNTFmXkEyXkFqcGdeQXVyNjU0OTQ0OTY@._V1_.jpg",
        "Year": "1991-07-03",
        "imdbID": "tt0103064"
    },
    {
        "Type": "Movie",
        "Title": "Tengoku to jigoku",
        "Poster": "https://m.media-amazon.com/images/M/MV5BOTI4NTNhZDMtMWNkZi00MTRmLWJmZDQtMmJkMGVmZTEzODlhXkEyXkFqcGdeQXVyNjc1NTYyMjg@._V1_.jpg",
        "Year": "1963-11-26",
        "imdbID": "tt0057565"
    },
    {
        "Type": "Movie",
        "Title": "Taxi Driver",
        "Poster": "https://m.media-amazon.com/images/M/MV5BM2M1MmVhNDgtNmI0YS00ZDNmLTkyNjctNTJiYTQ2N2NmYzc2XkEyXkFqcGdeQXVyNzkwMjQ5NzM@._V1_.jpg",
        "Year": "1976-02-09",
        "imdbID": "tt0075314"
    },
    {
        "Type": "Movie",
        "Title": "Taare Zameen Par",
        "Poster": "https://m.media-amazon.com/images/M/MV5BMDhjZWViN2MtNzgxOS00NmI4LThiZDQtZDI3MzM4MDE4NTc0XkEyXkFqcGdeQXVyMTMxODk2OTU@._V1_.jpg",
        "Year": "2007-12-21",
        "imdbID": "tt0986264"
    },
    {
        "Type": "Movie",
        "Title": "Sunset Blvd.",
        "Poster": "https://m.media-amazon.com/images/M/MV5BMTU0NTkyNzYwMF5BMl5BanBnXkFtZTgwMDU0NDk5MTI@._V1_.jpg",
        "Year": "1950-08-04",
        "imdbID": "tt0043014"
    },
    {
        "Type": "Movie",
        "Title": "Strasti po Andreyu",
        "Poster": "https://m.media-amazon.com/images/M/MV5BNjM2MjMwNzUzN15BMl5BanBnXkFtZTgwMjEzMzE5MTE@._V1_.jpg",
        "Year": "N/a",
        "imdbID": "tt0060107"
    },
    {
        "Type": "Movie",
        "Title": "Star Wars: Episode VI - Return of the Jedi",
        "Poster": "https://m.media-amazon.com/images/M/MV5BOWZlMjFiYzgtMTUzNC00Y2IzLTk1NTMtZmNhMTczNTk0ODk1XkEyXkFqcGdeQXVyNTAyODkwOQ@@._V1_.jpg",
        "Year": "1983-05-25",
        "imdbID": "tt0086190"
    },
    {
        "Type": "Movie",
        "Title": "Star Wars: Episode V - The Empire Strikes Back",
        "Poster": "https://m.media-amazon.com/images/M/MV5BYmU1NDRjNDgtMzhiMi00NjZmLTg5NGItZDNiZjU5NTU4OTE0XkEyXkFqcGdeQXVyNzkwMjQ5NzM@._V1_.jpg",
        "Year": "1980-06-20",
        "imdbID": "tt0080684"
    },
    {
        "Type": "Movie",
        "Title": "Star Wars",
        "Poster": "https://m.media-amazon.com/images/M/MV5BNzVlY2MwMjktM2E4OS00Y2Y3LWE3ZjctYzhkZGM3YzA1ZWM2XkEyXkFqcGdeQXVyNzkwMjQ5NzM@._V1_.jpg",
        "Year": "1977-05-25",
        "imdbID": "tt0076759"
    },
    {
        "Type": "Movie",
        "Title": "Stand by Me",
        "Poster": "https://m.media-amazon.com/images/M/MV5BODJmY2Y2OGQtMDg2My00N2Q3LWJmZTUtYTc2ODBjZDVlNDlhXkEyXkFqcGdeQXVyMTQxNzMzNDI@._V1_.jpg",
        "Year": "1986-08-22",
        "imdbID": "tt0092005"
    },
    {
        "Type": "Movie",
        "Title": "Stalker",
        "Poster": "https://m.media-amazon.com/images/M/MV5BMDgwODNmMGItMDcwYi00OWZjLTgyZjAtMGYwMmI4N2Q0NmJmXkEyXkFqcGdeQXVyNzY1MTU0Njk@._V1_.jpg",
        "Year": "1980-04-17",
        "imdbID": "tt0079944"
    },
    {
        "Type": "Movie",
        "Title": "Spotlight",
        "Poster": "https://m.media-amazon.com/images/M/MV5BMjIyOTM5OTIzNV5BMl5BanBnXkFtZTgwMDkzODE2NjE@._V1_.jpg",
        "Year": "2015-11-20",
        "imdbID": "tt1895587"
    },
    {
        "Type": "Movie",
        "Title": "Spider-Man: No Way Home",
        "Poster": "https://m.media-amazon.com/images/M/MV5BZWMyYzFjYTYtNTRjYi00OGExLWE2YzgtOGRmYjAxZTU3NzBiXkEyXkFqcGdeQXVyMzQ0MzA0NTM@._V1_.jpg",
        "Year": "2021-12-17",
        "imdbID": "tt10872600"
    },
    {
        "Type": "Movie",
        "Title": "Spider-Man: Into the Spider-Verse",
        "Poster": "https://m.media-amazon.com/images/M/MV5BMjMwNDkxMTgzOF5BMl5BanBnXkFtZTgwNTkwNTQ3NjM@._V1_.jpg",
        "Year": "2018-12-14",
        "imdbID": "tt4633694"
    },
    {
        "Type": "Movie",
        "Title": "Some Like It Hot",
        "Poster": "https://m.media-amazon.com/images/M/MV5BNzAyOGIxYjAtMGY2NC00ZTgyLWIwMWEtYzY0OWQ4NDFjOTc5XkEyXkFqcGdeQXVyNjU0OTQ0OTY@._V1_.jpg",
        "Year": "1959-03-19",
        "imdbID": "tt0053291"
    },
    {
        "Type": "Movie",
        "Title": "Snatch",
        "Poster": "https://m.media-amazon.com/images/M/MV5BMTA2NDYxOGYtYjU1Mi00Y2QzLTgxMTQtMWI1MGI0ZGQ5MmU4XkEyXkFqcGdeQXVyNDk3NzU2MTQ@._V1_.jpg",
        "Year": "2001-01-19",
        "imdbID": "tt0208092"
    },
    {
        "Type": "Movie",
        "Title": "Smultronst\u00e4llet",
        "Poster": "https://m.media-amazon.com/images/M/MV5BZjJhNTBmNTgtMDViOC00NDY2LWE4N2ItMDJiM2ZiYmQzYzliXkEyXkFqcGdeQXVyMzg1ODEwNQ@@._V1_.jpg",
        "Year": "1959-06-22",
        "imdbID": "tt0050986"
    },
    {
        "Type": "Movie",
        "Title": "Singin&apos; in the Rain",
        "Poster": "https://m.media-amazon.com/images/M/MV5BZDRjNGViMjQtOThlMi00MTA3LThkYzQtNzJkYjBkMGE0YzE1XkEyXkFqcGdeQXVyNDYyMDk5MTU@._V1_.jpg",
        "Year": "1952-04-11",
        "imdbID": "tt0045152"
    },
    {
        "Type": "Movie",
        "Title": "Shutter Island",
        "Poster": "https://m.media-amazon.com/images/M/MV5BYzhiNDkyNzktNTZmYS00ZTBkLTk2MDAtM2U0YjU1MzgxZjgzXkEyXkFqcGdeQXVyMTMxODk2OTU@._V1_.jpg",
        "Year": "2010-02-19",
        "imdbID": "tt1130884"
    },
    {
        "Type": "Movie",
        "Title": "Shichinin no samurai",
        "Poster": "https://m.media-amazon.com/images/M/MV5BOWE4ZDdhNmMtNzE5ZC00NzExLTlhNGMtY2ZhYjYzODEzODA1XkEyXkFqcGdeQXVyNTAyODkwOQ@@._V1_.jpg",
        "Year": "1956-11-19",
        "imdbID": "tt0047478"
    },
    {
        "Type": "Movie",
        "Title": "Sherlock Jr.",
        "Poster": "https://m.media-amazon.com/images/M/MV5BZWFhOGU5NDctY2Q3YS00Y2VlLWI1NzEtZmIwY2ZiZjY4OTA2XkEyXkFqcGdeQXVyMDI2NDg0NQ@@._V1_.jpg",
        "Year": "1924-05-11",
        "imdbID": "tt0015324"
    },
    {
        "Type": "Movie",
        "Title": "Seppuku",
        "Poster": "https://m.media-amazon.com/images/M/MV5BYjBmYTQ1NjItZWU5MS00YjI0LTg2OTYtYmFkN2JkMmNiNWVkXkEyXkFqcGdeQXVyMTMxMTY0OTQ@._V1_.jpg",
        "Year": "1964-08-04",
        "imdbID": "tt0056058"
    },
    {
        "Type": "Movie",
        "Title": "Sen to Chihiro no kamikakushi",
        "Poster": "https://m.media-amazon.com/images/M/MV5BMjlmZmI5MDctNDE2YS00YWE0LWE5ZWItZDBhYWQ0NTcxNWRhXkEyXkFqcGdeQXVyMTMxODk2OTU@._V1_.jpg",
        "Year": "2003-03-28",
        "imdbID": "tt0245429"
    },
    {
        "Type": "Movie",
        "Title": "Se7en",
        "Poster": "https://m.media-amazon.com/images/M/MV5BOTUwODM5MTctZjczMi00OTk4LTg3NWUtNmVhMTAzNTNjYjcyXkEyXkFqcGdeQXVyNjU0OTQ0OTY@._V1_.jpg",
        "Year": "1995-09-22",
        "imdbID": "tt0114369"
    },
    {
        "Type": "Movie",
        "Title": "Schindler&apos;s List",
        "Poster": "https://m.media-amazon.com/images/M/MV5BNDE4OTMxMTctNmRhYy00NWE2LTg3YzItYTk3M2UwOTU5Njg4XkEyXkFqcGdeQXVyNjU0OTQ0OTY@._V1_.jpg",
        "Year": "1994-02-04",
        "imdbID": "tt0108052"
    },
    {
        "Type": "Movie",
        "Title": "Scarface",
        "Poster": "https://m.media-amazon.com/images/M/MV5BNjdjNGQ4NDEtNTEwYS00MTgxLTliYzQtYzE2ZDRiZjFhZmNlXkEyXkFqcGdeQXVyNjU0OTQ0OTY@._V1_.jpg",
        "Year": "1983-12-09",
        "imdbID": "tt0086250"
    },
    {
        "Type": "Movie",
        "Title": "Saving Private Ryan",
        "Poster": "https://m.media-amazon.com/images/M/MV5BZjhkMDM4MWItZTVjOC00ZDRhLThmYTAtM2I5NzBmNmNlMzI1XkEyXkFqcGdeQXVyNDYyMDk5MTU@._V1_.jpg",
        "Year": "1998-07-24",
        "imdbID": "tt0120815"
    },
    {
        "Type": "Movie",
        "Title": "Salinui chueok",
        "Poster": "https://m.media-amazon.com/images/M/MV5BOGViNTg4YTktYTQ2Ni00MTU0LTk2NWUtMTI4OTc1YTM0NzQ2XkEyXkFqcGdeQXVyMDM2NDM2MQ@@._V1_.jpg",
        "Year": "2003-05-02",
        "imdbID": "tt0353969"
    },
    {
        "Type": "Movie",
        "Title": "Rush",
        "Poster": "https://m.media-amazon.com/images/M/MV5BOWEwODJmZDItYTNmZC00OGM4LThlNDktOTQzZjIzMGQxODA4XkEyXkFqcGdeQXVyNjU0OTQ0OTY@._V1_.jpg",
        "Year": "2013-09-27",
        "imdbID": "tt1979320"
    },
    {
        "Type": "Movie",
        "Title": "Room",
        "Poster": "https://m.media-amazon.com/images/M/MV5BMjE4NzgzNzEwMl5BMl5BanBnXkFtZTgwMTMzMDE0NjE@._V1_.jpg",
        "Year": "2016-01-22",
        "imdbID": "tt3170832"
    },
    {
        "Type": "Movie",
        "Title": "Rocky",
        "Poster": "https://m.media-amazon.com/images/M/MV5BMTY5MDMzODUyOF5BMl5BanBnXkFtZTcwMTQ3NTMyNA@@._V1_.jpg",
        "Year": "1976-12-03",
        "imdbID": "tt0075148"
    },
    {
        "Type": "Movie",
        "Title": "Reservoir Dogs",
        "Poster": "https://m.media-amazon.com/images/M/MV5BZmExNmEwYWItYmQzOS00YjA5LTk2MjktZjEyZDE1Y2QxNjA1XkEyXkFqcGdeQXVyMTQxNzMzNDI@._V1_.jpg",
        "Year": "1992-09-02",
        "imdbID": "tt0105236"
    },
    {
        "Type": "Movie",
        "Title": "Requiem for a Dream",
        "Poster": "https://m.media-amazon.com/images/M/MV5BOTdiNzJlOWUtNWMwNS00NmFlLWI0YTEtZmI3YjIzZWUyY2Y3XkEyXkFqcGdeQXVyNjU0OTQ0OTY@._V1_.jpg",
        "Year": "2000-12-15",
        "imdbID": "tt0180093"
    },
    {
        "Type": "Movie",
        "Title": "Relatos salvajes",
        "Poster": "https://m.media-amazon.com/images/M/MV5BNGQzY2Y0MTgtMDA4OC00NjM3LWI0ZGQtNTJlM2UxZDQxZjI0XkEyXkFqcGdeQXVyNDUzOTQ5MjY@._V1_.jpg",
        "Year": "2014-08-21",
        "imdbID": "tt3011894"
    },
    {
        "Type": "Movie",
        "Title": "Rebecca",
        "Poster": "https://m.media-amazon.com/images/M/MV5BYTcxYWExOTMtMWFmYy00ZjgzLWI0YjktNWEzYzJkZTg0NDdmL2ltYWdlXkEyXkFqcGdeQXVyNjc1NTYyMjg@._V1_.jpg",
        "Year": "1940-04-12",
        "imdbID": "tt0032976"
    },
    {
        "Type": "Movie",
        "Title": "Rear Window",
        "Poster": "https://m.media-amazon.com/images/M/MV5BNGUxYWM3M2MtMGM3Mi00ZmRiLWE0NGQtZjE5ODI2OTJhNTU0XkEyXkFqcGdeQXVyMTQxNzMzNDI@._V1_.jpg",
        "Year": "1954-09-01",
        "imdbID": "tt0047396"
    },
    {
        "Type": "Movie",
        "Title": "Rash\u00f4mon",
        "Poster": "https://m.media-amazon.com/images/M/MV5BMjEzMzA4NDE2OF5BMl5BanBnXkFtZTcwNTc5MDI2NQ@@._V1_.jpg",
        "Year": "1951-12-26",
        "imdbID": "tt0042876"
    },
    {
        "Type": "Movie",
        "Title": "Ran",
        "Poster": "https://m.media-amazon.com/images/M/MV5BNTEyNjg0MDM4OF5BMl5BanBnXkFtZTgwODI0NjUxODE@._V1_.jpg",
        "Year": "1985-06-01",
        "imdbID": "tt0089881"
    },
    {
        "Type": "Movie",
        "Title": "Raiders of the Lost Ark",
        "Poster": "https://m.media-amazon.com/images/M/MV5BMjA0ODEzMTc1Nl5BMl5BanBnXkFtZTcwODM2MjAxNA@@._V1_.jpg",
        "Year": "1981-06-12",
        "imdbID": "tt0082971"
    },
    {
        "Type": "Movie",
        "Title": "Raging Bull",
        "Poster": "https://m.media-amazon.com/images/M/MV5BYjRmODkzNDItMTNhNi00YjJlLTg0ZjAtODlhZTM0YzgzYThlXkEyXkFqcGdeQXVyNzQ1ODk3MTQ@._V1_.jpg",
        "Year": "1980-12-19",
        "imdbID": "tt0081398"
    },
    {
        "Type": "Movie",
        "Title": "Pulp Fiction",
        "Poster": "https://m.media-amazon.com/images/M/MV5BNGNhMDIzZTUtNTBlZi00MTRlLWFjM2ItYzViMjE3YzI5MjljXkEyXkFqcGdeQXVyNzkwMjQ5NzM@._V1_.jpg",
        "Year": "1994-10-14",
        "imdbID": "tt0110912"
    },
    {
        "Type": "Movie",
        "Title": "Psycho",
        "Poster": "https://m.media-amazon.com/images/M/MV5BNTQwNDM1YzItNDAxZC00NWY2LTk0M2UtNDIwNWI5OGUyNWUxXkEyXkFqcGdeQXVyNzkwMjQ5NzM@._V1_.jpg",
        "Year": "1960-09-08",
        "imdbID": "tt0054215"
    },
    {
        "Type": "Movie",
        "Title": "Prisoners",
        "Poster": "https://m.media-amazon.com/images/M/MV5BMTg0NTIzMjQ1NV5BMl5BanBnXkFtZTcwNDc3MzM5OQ@@._V1_.jpg",
        "Year": "2013-09-20",
        "imdbID": "tt1392214"
    },
    {
        "Type": "Movie",
        "Title": "Platoon",
        "Poster": "https://m.media-amazon.com/images/M/MV5BNTU3NzY4ODY5MF5BMl5BanBnXkFtZTcwOTkzNzE1NA@@._V1_.jpg",
        "Year": "1987-02-06",
        "imdbID": "tt0091763"
    },
    {
        "Type": "Movie",
        "Title": "Persona",
        "Poster": "https://m.media-amazon.com/images/M/MV5BMTM0YzExY2EtMjUyZi00ZmIwLWFkYTktNjY5NmVkYTdkMjI5XkEyXkFqcGdeQXVyNzQxNDExNTU@._V1_.jpg",
        "Year": "1967-03-16",
        "imdbID": "tt0060827"
    },
    {
        "Type": "Movie",
        "Title": "Per qualche dollaro in pi\u00f9",
        "Poster": "https://m.media-amazon.com/images/M/MV5BNWM1NmYyM2ItMTFhNy00NDU0LThlYWUtYjQyYTJmOTY0ZmM0XkEyXkFqcGdeQXVyNjU0OTQ0OTY@._V1_.jpg",
        "Year": "1967-05-10",
        "imdbID": "tt0059578"
    },
    {
        "Type": "Movie",
        "Title": "Paths of Glory",
        "Poster": "https://m.media-amazon.com/images/M/MV5BNjViMmRkOTEtM2ViOS00ODg0LWJhYWEtNTBlOGQxNDczOGY3XkEyXkFqcGdeQXVyMDI2NDg0NQ@@._V1_.jpg",
        "Year": "1957-12-25",
        "imdbID": "tt0050825"
    },
    {
        "Type": "Movie",
        "Title": "Pather Panchali",
        "Poster": "https://m.media-amazon.com/images/M/MV5BNDE5YmMxYjEtZjNjNC00NjM2LWE2ZjctOTkyNGMxODRiMGNiXkEyXkFqcGdeQXVyNTgyNTA4MjM@._V1_.jpg",
        "Year": "1955-08-26",
        "imdbID": "tt0048473"
    },
    {
        "Type": "Movie",
        "Title": "One Flew Over the Cuckoo&apos;s Nest",
        "Poster": "https://m.media-amazon.com/images/M/MV5BZjA0OWVhOTAtYWQxNi00YzNhLWI4ZjYtNjFjZTEyYjJlNDVlL2ltYWdlL2ltYWdlXkEyXkFqcGdeQXVyMTQxNzMzNDI@._V1_.jpg",
        "Year": "1975-11-19",
        "imdbID": "tt0073486"
    },
    {
        "Type": "Movie",
        "Title": "Once Upon a Time in America",
        "Poster": "https://m.media-amazon.com/images/M/MV5BMGFkNWI4MTMtNGQ0OC00MWVmLTk3MTktOGYxN2Y2YWVkZWE2XkEyXkFqcGdeQXVyNjU0OTQ0OTY@._V1_.jpg",
        "Year": "1984-06-01",
        "imdbID": "tt0087843"
    },
    {
        "Type": "Movie",
        "Title": "On the Waterfront",
        "Poster": "https://m.media-amazon.com/images/M/MV5BY2I0MWFiZDMtNWQyYy00Njk5LTk3MDktZjZjNTNmZmVkYjkxXkEyXkFqcGdeQXVyNjc1NTYyMjg@._V1_.jpg",
        "Year": "1954-06-22",
        "imdbID": "tt0047296"
    },
    {
        "Type": "Movie",
        "Title": "Oldeuboi",
        "Poster": "https://m.media-amazon.com/images/M/MV5BMTI3NTQyMzU5M15BMl5BanBnXkFtZTcwMTM2MjgyMQ@@._V1_.jpg",
        "Year": "2003-11-21",
        "imdbID": "tt0364569"
    },
    {
        "Type": "Movie",
        "Title": "Nuovo Cinema Paradiso",
        "Poster": "https://m.media-amazon.com/images/M/MV5BM2FhYjEyYmYtMDI1Yy00YTdlLWI2NWQtYmEzNzAxOGY1NjY2XkEyXkFqcGdeQXVyNTA3NTIyNDg@._V1_.jpg",
        "Year": "1990-02-23",
        "imdbID": "tt0095765"
    },
    {
        "Type": "Movie",
        "Title": "North by Northwest",
        "Poster": "https://m.media-amazon.com/images/M/MV5BZDA3NDExMTUtMDlhOC00MmQ5LWExZGUtYmI1NGVlZWI4OWNiXkEyXkFqcGdeQXVyNjc1NTYyMjg@._V1_.jpg",
        "Year": "1959-12-18",
        "imdbID": "tt0053125"
    },
    {
        "Type": "Movie",
        "Title": "No Country for Old Men",
        "Poster": "https://m.media-amazon.com/images/M/MV5BMjA5Njk3MjM4OV5BMl5BanBnXkFtZTcwMTc5MTE1MQ@@._V1_.jpg",
        "Year": "2007-11-21",
        "imdbID": "tt0477348"
    },
    {
        "Type": "Movie",
        "Title": "Network",
        "Poster": "https://m.media-amazon.com/images/M/MV5BZGNjYjM2MzItZGQzZi00NmY3LTgxOGUtMTQ2MWQxNWQ2MmMwXkEyXkFqcGdeQXVyNzM0MTUwNTY@._V1_.jpg",
        "Year": "1976-11-27",
        "imdbID": "tt0074958"
    },
    {
        "Type": "Movie",
        "Title": "Mr. Smith Goes to Washington",
        "Poster": "https://m.media-amazon.com/images/M/MV5BZTYwYjYxYzgtMDE1Ni00NzU4LWJlMTEtODQ5YmJmMGJhZjI5L2ltYWdlXkEyXkFqcGdeQXVyMDI2NDg0NQ@@._V1_.jpg",
        "Year": "1939-10-19",
        "imdbID": "tt0031679"
    },
    {
        "Type": "Movie",
        "Title": "Monty Python and the Holy Grail",
        "Poster": "https://m.media-amazon.com/images/M/MV5BN2IyNTE4YzUtZWU0Mi00MGIwLTgyMmQtMzQ4YzQxYWNlYWE2XkEyXkFqcGdeQXVyNjU0OTQ0OTY@._V1_.jpg",
        "Year": "1975-05-25",
        "imdbID": "tt0071853"
    },
    {
        "Type": "Movie",
        "Title": "Monsters, Inc.",
        "Poster": "https://m.media-amazon.com/images/M/MV5BMTY1NTI0ODUyOF5BMl5BanBnXkFtZTgwNTEyNjQ0MDE@._V1_.jpg",
        "Year": "2001-11-02",
        "imdbID": "tt0198781"
    },
    {
        "Type": "Movie",
        "Title": "Mononoke-hime",
        "Poster": "https://m.media-amazon.com/images/M/MV5BNGIzY2IzODQtNThmMi00ZDE4LWI5YzAtNzNlZTM1ZjYyYjUyXkEyXkFqcGdeQXVyODEzNjM5OTQ@._V1_.jpg",
        "Year": "1997-12-19",
        "imdbID": "tt0119698"
    },
    {
        "Type": "Movie",
        "Title": "Modern Times",
        "Poster": "https://m.media-amazon.com/images/M/MV5BYjJiZjMzYzktNjU0NS00OTkxLWEwYzItYzdhYWJjN2QzMTRlL2ltYWdlL2ltYWdlXkEyXkFqcGdeQXVyNjU0OTQ0OTY@._V1_.jpg",
        "Year": "1936-02-25",
        "imdbID": "tt0027977"
    },
    {
        "Type": "Movie",
        "Title": "Million Dollar Baby",
        "Poster": "https://m.media-amazon.com/images/M/MV5BMTkxNzA1NDQxOV5BMl5BanBnXkFtZTcwNTkyMTIzMw@@._V1_.jpg",
        "Year": "2005-01-28",
        "imdbID": "tt0405159"
    },
    {
        "Type": "Movie",
        "Title": "Metropolis",
        "Poster": "https://m.media-amazon.com/images/M/MV5BMTg5YWIyMWUtZDY5My00Zjc1LTljOTctYmI0MWRmY2M2NmRkXkEyXkFqcGdeQXVyMTMxODk2OTU@._V1_.jpg",
        "Year": "1927-03-13",
        "imdbID": "tt0017136"
    },
    {
        "Type": "Movie",
        "Title": "Memento",
        "Poster": "https://m.media-amazon.com/images/M/MV5BZTcyNjk1MjgtOWI3Mi00YzQwLWI5MTktMzY4ZmI2NDAyNzYzXkEyXkFqcGdeQXVyNjU0OTQ0OTY@._V1_.jpg",
        "Year": "2001-05-25",
        "imdbID": "tt0209144"
    },
    {
        "Type": "Movie",
        "Title": "Mary and Max.",
        "Poster": "https://m.media-amazon.com/images/M/MV5BMDgzYjQwMDMtNGUzYi00MTRmLWIyMGMtNjE1OGZkNzY2YWIzL2ltYWdlXkEyXkFqcGdeQXVyNjU0OTQ0OTY@._V1_.jpg",
        "Year": "2010-03-12",
        "imdbID": "tt0978762"
    },
    {
        "Type": "Movie",
        "Title": "Mad Max: Fury Road",
        "Poster": "https://m.media-amazon.com/images/M/MV5BN2EwM2I5OWMtMGQyMi00Zjg1LWJkNTctZTdjYTA4OGUwZjMyXkEyXkFqcGdeQXVyMTMxODk2OTU@._V1_.jpg",
        "Year": "2015-05-15",
        "imdbID": "tt1392190"
    },
    {
        "Type": "Movie",
        "Title": "M - Eine Stadt sucht einen M\u00f6rder",
        "Poster": "https://m.media-amazon.com/images/M/MV5BODA4ODk3OTEzMF5BMl5BanBnXkFtZTgwMTQ2ODMwMzE@._V1_.jpg",
        "Year": "1931-08-31",
        "imdbID": "tt0022100"
    },
    {
        "Type": "Movie",
        "Title": "L\u00e9on",
        "Poster": "https://m.media-amazon.com/images/M/MV5BODllNWE0MmEtYjUwZi00ZjY3LThmNmQtZjZlMjI2YTZjYmQ0XkEyXkFqcGdeQXVyNTc1NTQxODI@._V1_.jpg",
        "Year": "1994-11-18",
        "imdbID": "tt0110413"
    },
    {
        "Type": "Movie",
        "Title": "Logan",
        "Poster": "https://m.media-amazon.com/images/M/MV5BYzc5MTU4N2EtYTkyMi00NjdhLTg3NWEtMTY4OTEyMzJhZTAzXkEyXkFqcGdeQXVyNjc1NTYyMjg@._V1_.jpg",
        "Year": "2017-03-03",
        "imdbID": "tt3315342"
    },
    {
        "Type": "Movie",
        "Title": "Lock, Stock and Two Smoking Barrels",
        "Poster": "https://m.media-amazon.com/images/M/MV5BMTAyN2JmZmEtNjAyMy00NzYwLThmY2MtYWQ3OGNhNjExMmM4XkEyXkFqcGdeQXVyNDk3NzU2MTQ@._V1_.jpg",
        "Year": "1998-08-28",
        "imdbID": "tt0120735"
    },
    {
        "Type": "Movie",
        "Title": "Life of Brian",
        "Poster": "https://m.media-amazon.com/images/M/MV5BMzAwNjU1OTktYjY3Mi00NDY5LWFlZWUtZjhjNGE0OTkwZDkwXkEyXkFqcGdeQXVyMTQxNzMzNDI@._V1_.jpg",
        "Year": "1979-08-17",
        "imdbID": "tt0079470"
    },
    {
        "Type": "Movie",
        "Title": "Les quatre cents coups",
        "Poster": "https://m.media-amazon.com/images/M/MV5BYTQ4MjA4NmYtYjRhNi00MTEwLTg0NjgtNjk3ODJlZGU4NjRkL2ltYWdlL2ltYWdlXkEyXkFqcGdeQXVyNjU0OTQ0OTY@._V1_.jpg",
        "Year": "1959-11-16",
        "imdbID": "tt0053198"
    },
    {
        "Type": "Movie",
        "Title": "Le salaire de la peur",
        "Poster": "https://m.media-amazon.com/images/M/MV5BZDdkNzMwZmUtY2Q5MS00ZmM2LWJhYjItYTBjMWY0MGM4MDRjXkEyXkFqcGdeQXVyNTA4NzY1MzY@._V1_.jpg",
        "Year": "1955-02-16",
        "imdbID": "tt0046268"
    },
    {
        "Type": "Movie",
        "Title": "Le notti di Cabiria",
        "Poster": "https://m.media-amazon.com/images/M/MV5BOTdhNmUxZmQtNmMwNC00MzE3LWE1MTUtZDgxZTYwYjEzZjcwXkEyXkFqcGdeQXVyNTA1NjYyMDk@._V1_.jpg",
        "Year": "1957-10-16",
        "imdbID": "tt0050783"
    },
    {
        "Type": "Movie",
        "Title": "Le fabuleux destin d&apos;Am\u00e9lie Poulain",
        "Poster": "https://m.media-amazon.com/images/M/MV5BNDg4NjM1YjMtYmNhZC00MjM0LWFiZmYtNGY1YjA3MzZmODc5XkEyXkFqcGdeQXVyNDk3NzU2MTQ@._V1_.jpg",
        "Year": "2002-02-08",
        "imdbID": "tt0211915"
    },
    {
        "Type": "Movie",
        "Title": "Lawrence of Arabia",
        "Poster": "https://m.media-amazon.com/images/M/MV5BYWY5ZjhjNGYtZmI2Ny00ODM0LWFkNzgtZmI1YzA2N2MxMzA0XkEyXkFqcGdeQXVyNjUwNzk3NDc@._V1_.jpg",
        "Year": "1962-12-11",
        "imdbID": "tt0056172"
    },
    {
        "Type": "Movie",
        "Title": "Ladri di biciclette",
        "Poster": "https://m.media-amazon.com/images/M/MV5BNmI1ODdjODctMDlmMC00ZWViLWI5MzYtYzRhNDdjYmM3MzFjXkEyXkFqcGdeQXVyMTMxODk2OTU@._V1_.jpg",
        "Year": "1949-12-13",
        "imdbID": "tt0040522"
    },
    {
        "Type": "Movie",
        "Title": "La vita \u00e8 bella",
        "Poster": "https://m.media-amazon.com/images/M/MV5BYmJmM2Q4NmMtYThmNC00ZjRlLWEyZmItZTIwOTBlZDQ3NTQ1XkEyXkFqcGdeQXVyMTQxNzMzNDI@._V1_.jpg",
        "Year": "1997-12-20",
        "imdbID": "tt0118799"
    },
    {
        "Type": "Movie",
        "Title": "La passion de Jeanne d&apos;Arc",
        "Poster": "https://m.media-amazon.com/images/M/MV5BNjBjNDJiYTUtOWY0OS00OGVmLTg2YzctMTE0NzVhODM1ZWJmXkEyXkFqcGdeQXVyNjU0OTQ0OTY@._V1_.jpg",
        "Year": "1928-10-25",
        "imdbID": "tt0019254"
    },
    {
        "Type": "Movie",
        "Title": "La haine",
        "Poster": "https://m.media-amazon.com/images/M/MV5BNDNiOTA5YjktY2Q0Ni00ODgzLWE5MWItNGExOWRlYjY2MjBlXkEyXkFqcGdeQXVyNjQ2MjQ5NzM@._V1_.jpg",
        "Year": "1996-02-23",
        "imdbID": "tt0113247"
    },
    {
        "Type": "Movie",
        "Title": "La battaglia di Algeri",
        "Poster": "https://m.media-amazon.com/images/M/MV5BZWEzMGY4OTQtYTdmMy00M2QwLTliYTQtYWUzYzc3OTA5YzIwXkEyXkFqcGdeQXVyNjc1NTYyMjg@._V1_.jpg",
        "Year": "1967-09-20",
        "imdbID": "tt0058946"
    },
    {
        "Type": "Movie",
        "Title": "L.A. Confidential",
        "Poster": "https://m.media-amazon.com/images/M/MV5BMDQ2YzEyZGItYWRhOS00MjBmLTkzMDUtMTdjYzkyMmQxZTJlXkEyXkFqcGdeQXVyNjU0OTQ0OTY@._V1_.jpg",
        "Year": "1997-09-19",
        "imdbID": "tt0119488"
    },
    {
        "Type": "Movie",
        "Title": "Koe no katachi",
        "Poster": "https://m.media-amazon.com/images/M/MV5BZGRkOGMxYTUtZTBhYS00NzI3LWEzMDQtOWRhMmNjNjJjMzM4XkEyXkFqcGdeQXVyMTMxODk2OTU@._V1_.jpg",
        "Year": "2016-09-17",
        "imdbID": "tt5323662"
    },
    {
        "Type": "Movie",
        "Title": "Klaus",
        "Poster": "https://m.media-amazon.com/images/M/MV5BMWYwOThjM2ItZGYxNy00NTQwLWFlZWEtM2MzM2Q5MmY3NDU5XkEyXkFqcGdeQXVyMTkxNjUyNQ@@._V1_.jpg",
        "Year": "2019-11-15",
        "imdbID": "tt4729430"
    },
    {
        "Type": "Movie",
        "Title": "Kimi no na wa.",
        "Poster": "https://m.media-amazon.com/images/M/MV5BODRmZDVmNzUtZDA4ZC00NjhkLWI2M2UtN2M0ZDIzNDcxYThjL2ltYWdlXkEyXkFqcGdeQXVyNTk0MzMzODA@._V1_.jpg",
        "Year": "2017-04-07",
        "imdbID": "tt5311514"
    },
    {
        "Type": "Movie",
        "Title": "Kimetsu no Yaiba: Mugen Ressha-Hen",
        "Poster": "https://m.media-amazon.com/images/M/MV5BODI2NjdlYWItMTE1ZC00YzI2LTlhZGQtNzE3NzA4MWM0ODYzXkEyXkFqcGdeQXVyNjU1OTg4OTM@._V1_.jpg",
        "Year": "2021-04-23",
        "imdbID": "tt11032374"
    },
    {
        "Type": "Movie",
        "Title": "Kill Bill: Vol. 1",
        "Poster": "https://m.media-amazon.com/images/M/MV5BNzM3NDFhYTAtYmU5Mi00NGRmLTljYjgtMDkyODQ4MjNkMGY2XkEyXkFqcGdeQXVyNzkwMjQ5NzM@._V1_.jpg",
        "Year": "2003-10-10",
        "imdbID": "tt0266697"
    },
    {
        "Type": "Movie",
        "Title": "Kaze no tani no Naushika",
        "Poster": "https://m.media-amazon.com/images/M/MV5BZTI3NmJmYTQtNDg4NS00M2VlLTgzZDAtZWIwZDcyOWY5YzIzXkEyXkFqcGdeQXVyMTMxODk2OTU@._V1_.jpg",
        "Year": "1987-11-25",
        "imdbID": "tt0087544"
    },
    {
        "Type": "Movie",
        "Title": "Jurassic Park",
        "Poster": "https://m.media-amazon.com/images/M/MV5BMjM2MDgxMDg0Nl5BMl5BanBnXkFtZTgwNTM2OTM5NDE@._V1_.jpg",
        "Year": "1993-06-11",
        "imdbID": "tt0107290"
    },
    {
        "Type": "Movie",
        "Title": "Judgment at Nuremberg",
        "Poster": "https://m.media-amazon.com/images/M/MV5BNDc2ODQ5NTE2MV5BMl5BanBnXkFtZTcwODExMjUyNA@@._V1_.jpg",
        "Year": "1961-12-18",
        "imdbID": "tt0055031"
    },
    {
        "Type": "Movie",
        "Title": "Joker",
        "Poster": "https://m.media-amazon.com/images/M/MV5BNGVjNWI4ZGUtNzE0MS00YTJmLWE0ZDctN2ZiYTk2YmI3NTYyXkEyXkFqcGdeQXVyMTkxNjUyNQ@@._V1_.jpg",
        "Year": "2019-10-04",
        "imdbID": "tt7286456"
    },
    {
        "Type": "Movie",
        "Title": "Jodaeiye Nader az Simin",
        "Poster": "https://m.media-amazon.com/images/M/MV5BN2JmMjViMjMtZTM5Mi00ZGZkLTk5YzctZDg5MjFjZDE4NjNkXkEyXkFqcGdeQXVyMTMxODk2OTU@._V1_.jpg",
        "Year": "2011-03-16",
        "imdbID": "tt1832382"
    },
    {
        "Type": "Movie",
        "Title": "Jai Bhim",
        "Poster": "https://m.media-amazon.com/images/M/MV5BY2Y5ZWMwZDgtZDQxYy00Mjk0LThhY2YtMmU1MTRmMjVhMjRiXkEyXkFqcGdeQXVyMTI1NDEyNTM5._V1_.jpg",
        "Year": "2021-11-02",
        "imdbID": "tt15097216"
    },
    {
        "Type": "Movie",
        "Title": "Jagten",
        "Poster": "https://m.media-amazon.com/images/M/MV5BMTg2NDg3ODg4NF5BMl5BanBnXkFtZTcwNzk3NTc3Nw@@._V1_.jpg",
        "Year": "2013-01-10",
        "imdbID": "tt2106476"
    },
    {
        "Type": "Movie",
        "Title": "It&apos;s a Wonderful Life",
        "Poster": "https://m.media-amazon.com/images/M/MV5BZjc4NDZhZWMtNGEzYS00ZWU2LThlM2ItNTA0YzQ0OTExMTE2XkEyXkFqcGdeQXVyNjUwMzI2NzU@._V1_.jpg",
        "Year": "1947-01-07",
        "imdbID": "tt0038650"
    },
    {
        "Type": "Movie",
        "Title": "It Happened One Night",
        "Poster": "https://m.media-amazon.com/images/M/MV5BYzJmMWE5NjAtNWMyZS00NmFiLWIwMDgtZDE2NzczYWFhNzIzXkEyXkFqcGdeQXVyNjc1NTYyMjg@._V1_.jpg",
        "Year": "1934-02-22",
        "imdbID": "tt0025316"
    },
    {
        "Type": "Movie",
        "Title": "Intouchables",
        "Poster": "https://m.media-amazon.com/images/M/MV5BMTYxNDA3MDQwNl5BMl5BanBnXkFtZTcwNTU4Mzc1Nw@@._V1_.jpg",
        "Year": "2011-11-02",
        "imdbID": "tt1675434"
    },
    {
        "Type": "Movie",
        "Title": "Into the Wild",
        "Poster": "https://m.media-amazon.com/images/M/MV5BMTAwNDEyODU1MjheQTJeQWpwZ15BbWU2MDc3NDQwNw@@._V1_.jpg",
        "Year": "2007-10-19",
        "imdbID": "tt0758758"
    },
    {
        "Type": "Movie",
        "Title": "Interstellar",
        "Poster": "https://m.media-amazon.com/images/M/MV5BZjdkOTU3MDktN2IxOS00OGEyLWFmMjktY2FiMmZkNWIyODZiXkEyXkFqcGdeQXVyMTMxODk2OTU@._V1_.jpg",
        "Year": "2014-11-07",
        "imdbID": "tt0816692"
    },
    {
        "Type": "Movie",
        "Title": "Inside Out",
        "Poster": "https://m.media-amazon.com/images/M/MV5BOTgxMDQwMDk0OF5BMl5BanBnXkFtZTgwNjU5OTg2NDE@._V1_.jpg",
        "Year": "2015-06-19",
        "imdbID": "tt2096673"
    },
    {
        "Type": "Movie",
        "Title": "Inglourious Basterds",
        "Poster": "https://m.media-amazon.com/images/M/MV5BOTJiNDEzOWYtMTVjOC00ZjlmLWE0NGMtZmE1OWVmZDQ2OWJhXkEyXkFqcGdeQXVyNTIzOTk5ODM@._V1_.jpg",
        "Year": "2009-08-21",
        "imdbID": "tt0361748"
    },
    {
        "Type": "Movie",
        "Title": "Indiana Jones and the Last Crusade",
        "Poster": "https://m.media-amazon.com/images/M/MV5BMjNkMzc2N2QtNjVlNS00ZTk5LTg0MTgtODY2MDAwNTMwZjBjXkEyXkFqcGdeQXVyNDk3NzU2MTQ@._V1_.jpg",
        "Year": "1989-05-24",
        "imdbID": "tt0097576"
    },
    {
        "Type": "Movie",
        "Title": "Inception",
        "Poster": "https://m.media-amazon.com/images/M/MV5BMjAxMzY3NjcxNF5BMl5BanBnXkFtZTcwNTI5OTM0Mw@@._V1_.jpg",
        "Year": "2010-07-16",
        "imdbID": "tt1375666"
    },
    {
        "Type": "Movie",
        "Title": "Incendies",
        "Poster": "https://m.media-amazon.com/images/M/MV5BMWE3MGYzZjktY2Q5Mi00Y2NiLWIyYWUtMmIyNzA3YmZlMGFhXkEyXkFqcGdeQXVyMTMxODk2OTU@._V1_.jpg",
        "Year": "2011-01-12",
        "imdbID": "tt1255953"
    },
    {
        "Type": "Movie",
        "Title": "In the Name of the Father",
        "Poster": "https://m.media-amazon.com/images/M/MV5BMmYyOTgwYWItYmU3Ny00M2E2LTk0NWMtMDVlNmQ0MWZiMTMxXkEyXkFqcGdeQXVyNzkwMjQ5NzM@._V1_.jpg",
        "Year": "1994-02-25",
        "imdbID": "tt0107207"
    },
    {
        "Type": "Movie",
        "Title": "Il buono, il brutto, il cattivo",
        "Poster": "https://m.media-amazon.com/images/M/MV5BOTQ5NDI3MTI4MF5BMl5BanBnXkFtZTgwNDQ4ODE5MDE@._V1_.jpg",
        "Year": "1967-12-29",
        "imdbID": "tt0060196"
    },
    {
        "Type": "Movie",
        "Title": "Ikiru",
        "Poster": "https://m.media-amazon.com/images/M/MV5BZmM0NGY3Y2MtMTA1YS00YmQzLTk2YTctYWFhMDkzMDRjZWQzXkEyXkFqcGdeQXVyNTA4NzY1MzY@._V1_.jpg",
        "Year": "1956-03-25",
        "imdbID": "tt0044741"
    },
    {
        "Type": "Movie",
        "Title": "Idi i smotri",
        "Poster": "https://m.media-amazon.com/images/M/MV5BODM4Njg0NTAtYjI5Ny00ZjAxLTkwNmItZTMxMWU5M2U3M2RjXkEyXkFqcGdeQXVyNzkwMjQ5NzM@._V1_.jpg",
        "Year": "1985-09-03",
        "imdbID": "tt0091251"
    },
    {
        "Type": "Movie",
        "Title": "H\u00f6stsonaten",
        "Poster": "https://m.media-amazon.com/images/M/MV5BNGIyMWRlYTctMWNlMi00ZGIzLThjOTgtZjQzZjRjNmRhMDdlXkEyXkFqcGdeQXVyMTAwMzUyOTc@._V1_.jpg",
        "Year": "1978-10-18",
        "imdbID": "tt0077711"
    },
    {
        "Type": "Movie",
        "Title": "How to Train Your Dragon",
        "Poster": "https://m.media-amazon.com/images/M/MV5BMjA5NDQyMjc2NF5BMl5BanBnXkFtZTcwMjg5ODcyMw@@._V1_.jpg",
        "Year": "2010-03-26",
        "imdbID": "tt0892769"
    },
    {
        "Type": "Movie",
        "Title": "Hotel Rwanda",
        "Poster": "https://m.media-amazon.com/images/M/MV5BZGJjYmIzZmQtNWE4Yy00ZGVmLWJkZGEtMzUzNmQ4ZWFlMjRhXkEyXkFqcGdeQXVyMTMxODk2OTU@._V1_.jpg",
        "Year": "2005-02-04",
        "imdbID": "tt0395169"
    },
    {
        "Type": "Movie",
        "Title": "Hotaru no haka",
        "Poster": "https://m.media-amazon.com/images/M/MV5BZmY2NjUzNDQtNTgxNC00M2Q4LTljOWQtMjNjNDBjNWUxNmJlXkEyXkFqcGdeQXVyNTA4NzY1MzY@._V1_.jpg",
        "Year": "1989-07-26",
        "imdbID": "tt0095327"
    },
    {
        "Type": "Movie",
        "Title": "Heat",
        "Poster": "https://m.media-amazon.com/images/M/MV5BNGMwNzUwNjYtZWM5NS00YzMyLWI4NjAtNjM0ZDBiMzE1YWExXkEyXkFqcGdeQXVyNDk3NzU2MTQ@._V1_.jpg",
        "Year": "1995-12-15",
        "imdbID": "tt0113277"
    },
    {
        "Type": "Movie",
        "Title": "Hauru no ugoku shiro",
        "Poster": "https://m.media-amazon.com/images/M/MV5BNmM4YTFmMmItMGE3Yy00MmRkLTlmZGEtMzZlOTQzYjk3MzA2XkEyXkFqcGdeQXVyMTMxODk2OTU@._V1_.jpg",
        "Year": "2005-06-17",
        "imdbID": "tt0347149"
    },
    {
        "Type": "Movie",
        "Title": "Harry Potter and the Deathly Hallows: Part 2",
        "Poster": "https://m.media-amazon.com/images/M/MV5BMGVmMWNiMDktYjQ0Mi00MWIxLTk0N2UtN2ZlYTdkN2IzNDNlXkEyXkFqcGdeQXVyODE5NzE3OTE@._V1_.jpg",
        "Year": "2011-07-15",
        "imdbID": "tt1201607"
    },
    {
        "Type": "Movie",
        "Title": "Hamilton",
        "Poster": "https://m.media-amazon.com/images/M/MV5BNjViNWRjYWEtZTI0NC00N2E3LTk0NGQtMjY4NTM3OGNkZjY0XkEyXkFqcGdeQXVyMjUxMTY3ODM@._V1_.jpg",
        "Year": "2020-07-03",
        "imdbID": "tt8503618"
    },
    {
        "Type": "Movie",
        "Title": "Hacksaw Ridge",
        "Poster": "https://m.media-amazon.com/images/M/MV5BMjQ1NjM3MTUxNV5BMl5BanBnXkFtZTgwMDc5MTY5OTE@._V1_.jpg",
        "Year": "2016-11-04",
        "imdbID": "tt2119532"
    },
    {
        "Type": "Movie",
        "Title": "Hachi: A Dog&apos;s Tale",
        "Poster": "https://m.media-amazon.com/images/M/MV5BNzE4NDg5OWMtMzg3NC00ZDRjLTllMDMtZTRjNWZmNjBmMGZlXkEyXkFqcGdeQXVyMTMxODk2OTU@._V1_.jpg",
        "Year": "2010-03-12",
        "imdbID": "tt1028532"
    },
    {
        "Type": "Movie",
        "Title": "Green Book",
        "Poster": "https://m.media-amazon.com/images/M/MV5BYzIzYmJlYTYtNGNiYy00N2EwLTk4ZjItMGYyZTJiOTVkM2RlXkEyXkFqcGdeQXVyODY1NDk1NjE@._V1_.jpg",
        "Year": "2018-11-16",
        "imdbID": "tt6966692"
    },
    {
        "Type": "Movie",
        "Title": "Gran Torino",
        "Poster": "https://m.media-amazon.com/images/M/MV5BMTc5NTk2OTU1Nl5BMl5BanBnXkFtZTcwMDc3NjAwMg@@._V1_.jpg",
        "Year": "2009-01-09",
        "imdbID": "tt1205489"
    },
    {
        "Type": "Movie",
        "Title": "Goodfellas",
        "Poster": "https://m.media-amazon.com/images/M/MV5BY2NkZjEzMDgtN2RjYy00YzM1LWI4ZmQtMjIwYjFjNmI3ZGEwXkEyXkFqcGdeQXVyNzkwMjQ5NzM@._V1_.jpg",
        "Year": "1990-09-21",
        "imdbID": "tt0099685"
    },
    {
        "Type": "Movie",
        "Title": "Good Will Hunting",
        "Poster": "https://m.media-amazon.com/images/M/MV5BOTI0MzcxMTYtZDVkMy00NjY1LTgyMTYtZmUxN2M3NmQ2NWJhXkEyXkFqcGdeQXVyMTQxNzMzNDI@._V1_.jpg",
        "Year": "1998-01-09",
        "imdbID": "tt0119217"
    },
    {
        "Type": "Movie",
        "Title": "Gone with the Wind",
        "Poster": "https://m.media-amazon.com/images/M/MV5BYjUyZWZkM2UtMzYxYy00ZmQ3LWFmZTQtOGE2YjBkNjA3YWZlXkEyXkFqcGdeQXVyNzkwMjQ5NzM@._V1_.jpg",
        "Year": "1940-01-17",
        "imdbID": "tt0031381"
    },
    {
        "Type": "Movie",
        "Title": "Gone Girl",
        "Poster": "https://m.media-amazon.com/images/M/MV5BMTk0MDQ3MzAzOV5BMl5BanBnXkFtZTgwNzU1NzE3MjE@._V1_.jpg",
        "Year": "2014-10-03",
        "imdbID": "tt2267998"
    },
    {
        "Type": "Movie",
        "Title": "Gladiator",
        "Poster": "https://m.media-amazon.com/images/M/MV5BMDliMmNhNDEtODUyOS00MjNlLTgxODEtN2U3NzIxMGVkZTA1L2ltYWdlXkEyXkFqcGdeQXVyNjU0OTQ0OTY@._V1_.jpg",
        "Year": "2000-05-05",
        "imdbID": "tt0172495"
    },
    {
        "Type": "Movie",
        "Title": "Gisaengchung",
        "Poster": "https://m.media-amazon.com/images/M/MV5BYWZjMjk3ZTItODQ2ZC00NTY5LWE0ZDYtZTI3MjcwN2Q5NTVkXkEyXkFqcGdeQXVyODk4OTc3MTY@._V1_.jpg",
        "Year": "2019-11-08",
        "imdbID": "tt6751668"
    },
    {
        "Type": "Movie",
        "Title": "Gangs of Wasseypur",
        "Poster": "https://m.media-amazon.com/images/M/MV5BMTc5NjY4MjUwNF5BMl5BanBnXkFtZTgwODM3NzM5MzE@._V1_.jpg",
        "Year": "2012-06-22",
        "imdbID": "tt1954470"
    },
    {
        "Type": "Movie",
        "Title": "Full Metal Jacket",
        "Poster": "https://m.media-amazon.com/images/M/MV5BNzkxODk0NjEtYjc4Mi00ZDI0LTgyYjEtYzc1NDkxY2YzYTgyXkEyXkFqcGdeQXVyNzkwMjQ5NzM@._V1_.jpg",
        "Year": "1987-07-10",
        "imdbID": "tt0093058"
    },
    {
        "Type": "Movie",
        "Title": "Forrest Gump",
        "Poster": "https://m.media-amazon.com/images/M/MV5BNWIwODRlZTUtY2U3ZS00Yzg1LWJhNzYtMmZiYmEyNmU1NjMzXkEyXkFqcGdeQXVyMTQxNzMzNDI@._V1_.jpg",
        "Year": "1994-07-06",
        "imdbID": "tt0109830"
    },
    {
        "Type": "Movie",
        "Title": "Ford v Ferrari",
        "Poster": "https://m.media-amazon.com/images/M/MV5BM2UwMDVmMDItM2I2Yi00NGZmLTk4ZTUtY2JjNTQ3OGQ5ZjM2XkEyXkFqcGdeQXVyMTA1OTYzOTUx._V1_.jpg",
        "Year": "2019-11-15",
        "imdbID": "tt1950186"
    },
    {
        "Type": "Movie",
        "Title": "Finding Nemo",
        "Poster": "https://m.media-amazon.com/images/M/MV5BZTAzNWZlNmUtZDEzYi00ZjA5LWIwYjEtZGM1NWE1MjE4YWRhXkEyXkFqcGdeQXVyNjU0OTQ0OTY@._V1_.jpg",
        "Year": "2003-05-30",
        "imdbID": "tt0266543"
    },
    {
        "Type": "Movie",
        "Title": "Fight Club",
        "Poster": "https://m.media-amazon.com/images/M/MV5BMmEzNTkxYjQtZTc0MC00YTVjLTg5ZTEtZWMwOWVlYzY0NWIwXkEyXkFqcGdeQXVyNzkwMjQ5NzM@._V1_.jpg",
        "Year": "1999-10-15",
        "imdbID": "tt0137523"
    },
    {
        "Type": "Movie",
        "Title": "Fargo",
        "Poster": "https://m.media-amazon.com/images/M/MV5BNDJiZDgyZjctYmRjMS00ZjdkLTkwMTEtNGU1NDg3NDQ0Yzk1XkEyXkFqcGdeQXVyNzkwMjQ5NzM@._V1_.jpg",
        "Year": "1996-04-05",
        "imdbID": "tt0116282"
    },
    {
        "Type": "Movie",
        "Title": "Fanny och Alexander",
        "Poster": "https://m.media-amazon.com/images/M/MV5BZmQzMDE5ZWQtOTU3ZS00ZjdhLWI0OTctZDNkODk4YThmOTRhL2ltYWdlXkEyXkFqcGdeQXVyNjc1NTYyMjg@._V1_.jpg",
        "Year": "1982-12-17",
        "imdbID": "tt0083922"
    },
    {
        "Type": "Movie",
        "Title": "Fa yeung nin wah",
        "Poster": "https://m.media-amazon.com/images/M/MV5BYjZjODRlMjQtMjJlYy00ZDBjLTkyYTQtZGQxZTk5NzJhYmNmXkEyXkFqcGdeQXVyMTQxNzMzNDI@._V1_.jpg",
        "Year": "2001-03-09",
        "imdbID": "tt0118694"
    },
    {
        "Type": "Movie",
        "Title": "Eternal Sunshine of the Spotless Mind",
        "Poster": "https://m.media-amazon.com/images/M/MV5BMTY4NzcwODg3Nl5BMl5BanBnXkFtZTcwNTEwOTMyMw@@._V1_.jpg",
        "Year": "2004-03-19",
        "imdbID": "tt0338013"
    },
    {
        "Type": "Movie",
        "Title": "Eskiya",
        "Poster": "https://m.media-amazon.com/images/M/MV5BOGQ4ZjFmYjktOGNkNS00OWYyLWIyZjgtMGJjM2U1ZTA0ZTlhXkEyXkFqcGdeQXVyNTA4NzY1MzY@._V1_.jpg",
        "Year": "1996-11-29",
        "imdbID": "tt0116231"
    },
    {
        "Type": "Movie",
        "Title": "El secreto de sus ojos",
        "Poster": "https://m.media-amazon.com/images/M/MV5BY2FhZGI5M2QtZWFiZS00NjkwLWE4NWQtMzg3ZDZjNjdkYTJiXkEyXkFqcGdeQXVyMTMxODk2OTU@._V1_.jpg",
        "Year": "2010-05-21",
        "imdbID": "tt1305806"
    },
    {
        "Type": "Movie",
        "Title": "El laberinto del fauno",
        "Poster": "https://m.media-amazon.com/images/M/MV5BNzJlMjI2NjEtY2FmNy00ZTE0LWJjYWEtZDg0YmY1ZDBlNmEyXkEyXkFqcGdeQXVyOTI5NTk5NTQ@._V1_.jpg",
        "Year": "2007-01-19",
        "imdbID": "tt0457430"
    },
    {
        "Type": "Movie",
        "Title": "Dune: Part One",
        "Poster": "https://m.media-amazon.com/images/M/MV5BN2FjNmEyNWMtYzM0ZS00NjIyLTg5YzYtYThlMGVjNzE1OGViXkEyXkFqcGdeQXVyMTkxNjUyNQ@@._V1_.jpg",
        "Year": "2021-10-22",
        "imdbID": "tt1160419"
    },
    {
        "Type": "Movie",
        "Title": "Drishyam",
        "Poster": "https://m.media-amazon.com/images/M/MV5BYmY3MzYwMGUtOWMxYS00OGVhLWFjNmUtYzlkNGVmY2ZkMjA3XkEyXkFqcGdeQXVyMTExNDQ2MTI@._V1_.jpg",
        "Year": "2013-12-19",
        "imdbID": "tt3417422"
    },
    {
        "Type": "Movie",
        "Title": "Dr. Strangelove or: How I Learned to Stop Worrying and Love the Bomb",
        "Poster": "https://m.media-amazon.com/images/M/MV5BZWI3ZTMxNjctMjdlNS00NmUwLWFiM2YtZDUyY2I3N2MxYTE0XkEyXkFqcGdeQXVyNzkwMjQ5NzM@._V1_.jpg",
        "Year": "1964-01-29",
        "imdbID": "tt0057012"
    },
    {
        "Type": "Movie",
        "Title": "Double Indemnity",
        "Poster": "https://m.media-amazon.com/images/M/MV5BZGRiNGQ0NzUtZjczMS00ZjIzLWI4NjAtY2ZiNTM2MGQxZGFiXkEyXkFqcGdeQXVyMzg1ODEwNQ@@._V1_.jpg",
        "Year": "1944-07-06",
        "imdbID": "tt0036775"
    },
    {
        "Type": "Movie",
        "Title": "Django Unchained",
        "Poster": "https://m.media-amazon.com/images/M/MV5BMjIyNTQ5NjQ1OV5BMl5BanBnXkFtZTcwODg1MDU4OA@@._V1_.jpg",
        "Year": "2012-12-25",
        "imdbID": "tt1853728"
    },
    {
        "Type": "Movie",
        "Title": "Die Hard",
        "Poster": "https://m.media-amazon.com/images/M/MV5BZjRlNDUxZjAtOGQ4OC00OTNlLTgxNmQtYTBmMDgwZmNmNjkxXkEyXkFqcGdeQXVyNzkwMjQ5NzM@._V1_.jpg",
        "Year": "1988-07-20",
        "imdbID": "tt0095016"
    },
    {
        "Type": "Movie",
        "Title": "Dial M for Murder",
        "Poster": "https://m.media-amazon.com/images/M/MV5BOWIwODIxYWItZDI4MS00YzhhLWE3MmYtMzlhZDIwOTMzZmE5L2ltYWdlXkEyXkFqcGdeQXVyNjc1NTYyMjg@._V1_.jpg",
        "Year": "1954-05-29",
        "imdbID": "tt0046912"
    },
    {
        "Type": "Movie",
        "Title": "Det sjunde inseglet",
        "Poster": "https://m.media-amazon.com/images/M/MV5BM2I1ZWU4YjMtYzU0My00YmMzLWFmNTAtZDJhZGYwMmI3YWQ5XkEyXkFqcGdeQXVyNjU0OTQ0OTY@._V1_.jpg",
        "Year": "1958-10-13",
        "imdbID": "tt0050976"
    },
    {
        "Type": "Movie",
        "Title": "Dersu Uzala",
        "Poster": "https://m.media-amazon.com/images/M/MV5BYWY0OWJlZTgtMWUzNy00MGJhLTk5YzQtNmY5MDEwOTIxNjMyXkEyXkFqcGdeQXVyNjc1NTYyMjg@._V1_.jpg",
        "Year": "1977-12-20",
        "imdbID": "tt0071411"
    },
    {
        "Type": "Movie",
        "Title": "Der Untergang",
        "Poster": "https://m.media-amazon.com/images/M/MV5BMTU0NTU5NTAyMl5BMl5BanBnXkFtZTYwNzYwMDg2._V1_.jpg",
        "Year": "2005-04-08",
        "imdbID": "tt0363163"
    },
    {
        "Type": "Movie",
        "Title": "Dead Poets Society",
        "Poster": "https://m.media-amazon.com/images/M/MV5BOGYwYWNjMzgtNGU4ZC00NWQ2LWEwZjUtMzE1Zjc3NjY3YTU1XkEyXkFqcGdeQXVyMTQxNzMzNDI@._V1_.jpg",
        "Year": "1989-06-09",
        "imdbID": "tt0097165"
    },
    {
        "Type": "Movie",
        "Title": "Das Leben der Anderen",
        "Poster": "https://m.media-amazon.com/images/M/MV5BOThkM2EzYmMtNDE3NS00NjlhLTg4YzktYTdhNzgyOWY3ZDYzXkEyXkFqcGdeQXVyNzQzNzQxNzI@._V1_.jpg",
        "Year": "2007-03-30",
        "imdbID": "tt0405094"
    },
    {
        "Type": "Movie",
        "Title": "Das Boot",
        "Poster": "https://m.media-amazon.com/images/M/MV5BOGZhZDIzNWMtNjkxMS00MDQ1LThkMTYtZWQzYWU3MWMxMGU5XkEyXkFqcGdeQXVyNjc1NTYyMjg@._V1_.jpg",
        "Year": "1982-02-10",
        "imdbID": "tt0082096"
    },
    {
        "Type": "Movie",
        "Title": "Dangal",
        "Poster": "https://m.media-amazon.com/images/M/MV5BMTQ4MzQzMzM2Nl5BMl5BanBnXkFtZTgwMTQ1NzU3MDI@._V1_.jpg",
        "Year": "2016-12-21",
        "imdbID": "tt5074352"
    },
    {
        "Type": "Movie",
        "Title": "Cool Hand Luke",
        "Poster": "https://m.media-amazon.com/images/M/MV5BOWFlNzZhYmYtYTI5YS00MDQyLWIyNTUtNTRjMWUwNTEzNjA0XkEyXkFqcGdeQXVyNjUwNzk3NDc@._V1_.jpg",
        "Year": "1967-11-01",
        "imdbID": "tt0061512"
    },
    {
        "Type": "Movie",
        "Title": "Coco",
        "Poster": "https://m.media-amazon.com/images/M/MV5BYjQ5NjM0Y2YtNjZkNC00ZDhkLWJjMWItN2QyNzFkMDE3ZjAxXkEyXkFqcGdeQXVyODIxMzk5NjA@._V1_.jpg",
        "Year": "2017-11-22",
        "imdbID": "tt2380307"
    },
    {
        "Type": "Movie",
        "Title": "City Lights",
        "Poster": "https://m.media-amazon.com/images/M/MV5BY2I4MmM1N2EtM2YzOS00OWUzLTkzYzctNDc5NDg2N2IyODJmXkEyXkFqcGdeQXVyNzkwMjQ5NzM@._V1_.jpg",
        "Year": "1931-03-07",
        "imdbID": "tt0021749"
    },
    {
        "Type": "Movie",
        "Title": "Citizen Kane",
        "Poster": "https://m.media-amazon.com/images/M/MV5BYjBiOTYxZWItMzdiZi00NjlkLWIzZTYtYmFhZjhiMTljOTdkXkEyXkFqcGdeQXVyNzkwMjQ5NzM@._V1_.jpg",
        "Year": "1941-09-05",
        "imdbID": "tt0033467"
    },
    {
        "Type": "Movie",
        "Title": "Cidade de Deus",
        "Poster": "https://m.media-amazon.com/images/M/MV5BOTMwYjc5ZmItYTFjZC00ZGQ3LTlkNTMtMjZiNTZlMWQzNzI5XkEyXkFqcGdeQXVyNzkwMjQ5NzM@._V1_.jpg",
        "Year": "2004-02-13",
        "imdbID": "tt0317248"
    },
    {
        "Type": "Movie",
        "Title": "Chinatown",
        "Poster": "https://m.media-amazon.com/images/M/MV5BOGMwYmY5ZmEtMzY1Yi00OWJiLTk1Y2MtMzI2MjBhYmZkNTQ0XkEyXkFqcGdeQXVyNzkwMjQ5NzM@._V1_.jpg",
        "Year": "1974-06-20",
        "imdbID": "tt0071315"
    },
    {
        "Type": "Movie",
        "Title": "Catch Me If You Can",
        "Poster": "https://m.media-amazon.com/images/M/MV5BMTY5MzYzNjc5NV5BMl5BanBnXkFtZTYwNTUyNTc2._V1_.jpg",
        "Year": "2002-12-25",
        "imdbID": "tt0264464"
    },
    {
        "Type": "Movie",
        "Title": "Casino",
        "Poster": "https://m.media-amazon.com/images/M/MV5BMTcxOWYzNDYtYmM4YS00N2NkLTk0NTAtNjg1ODgwZjAxYzI3XkEyXkFqcGdeQXVyNTA4NzY1MzY@._V1_.jpg",
        "Year": "1995-11-22",
        "imdbID": "tt0112641"
    },
    {
        "Type": "Movie",
        "Title": "Casablanca",
        "Poster": "https://m.media-amazon.com/images/M/MV5BY2IzZGY2YmEtYzljNS00NTM5LTgwMzUtMzM1NjQ4NGI0OTk0XkEyXkFqcGdeQXVyNDYyMDk5MTU@._V1_.jpg",
        "Year": "1943-01-23",
        "imdbID": "tt0034583"
    },
    {
        "Type": "Movie",
        "Title": "Capharna\u00fcm",
        "Poster": "https://m.media-amazon.com/images/M/MV5BMmExNzU2ZWMtYzUwYi00YmM2LTkxZTQtNmVhNjY0NTMyMWI2XkEyXkFqcGdeQXVyMTMxODk2OTU@._V1_.jpg",
        "Year": "2018-09-20",
        "imdbID": "tt8267604"
    },
    {
        "Type": "Movie",
        "Title": "C&apos;era una volta il West",
        "Poster": "https://m.media-amazon.com/images/M/MV5BZGI5MjBmYzYtMzJhZi00NGI1LTk3MzItYjBjMzcxM2U3MDdiXkEyXkFqcGdeQXVyNzkwMjQ5NzM@._V1_.jpg",
        "Year": "1969-07-04",
        "imdbID": "tt0064116"
    },
    {
        "Type": "Movie",
        "Title": "Braveheart",
        "Poster": "https://m.media-amazon.com/images/M/MV5BMzkzMmU0YTYtOWM3My00YzBmLWI0YzctOGYyNTkwMWE5MTJkXkEyXkFqcGdeQXVyNzkwMjQ5NzM@._V1_.jpg",
        "Year": "1995-05-24",
        "imdbID": "tt0112573"
    },
    {
        "Type": "Movie",
        "Title": "Blade Runner",
        "Poster": "https://m.media-amazon.com/images/M/MV5BNzQzMzJhZTEtOWM4NS00MTdhLTg0YjgtMjM4MDRkZjUwZDBlXkEyXkFqcGdeQXVyNjU0OTQ0OTY@._V1_.jpg",
        "Year": "1982-06-25",
        "imdbID": "tt0083658"
    },
    {
        "Type": "Movie",
        "Title": "Ben-Hur",
        "Poster": "https://m.media-amazon.com/images/M/MV5BNjgxY2JiZDYtZmMwOC00ZmJjLWJmODUtMTNmNWNmYWI5ODkwL2ltYWdlL2ltYWdlXkEyXkFqcGdeQXVyNjc1NTYyMjg@._V1_.jpg",
        "Year": "1959-11-18",
        "imdbID": "tt0052618"
    },
    {
        "Type": "Movie",
        "Title": "Before Sunset",
        "Poster": "https://m.media-amazon.com/images/M/MV5BMTQ1MjAwNTM5Ml5BMl5BanBnXkFtZTYwNDM0MTc3._V1_.jpg",
        "Year": "2004-07-30",
        "imdbID": "tt0381681"
    },
    {
        "Type": "Movie",
        "Title": "Before Sunrise",
        "Poster": "https://m.media-amazon.com/images/M/MV5BZDdiZTAwYzAtMDI3Ni00OTRjLTkzN2UtMGE3MDMyZmU4NTU4XkEyXkFqcGdeQXVyNjU0OTQ0OTY@._V1_.jpg",
        "Year": "1995-01-27",
        "imdbID": "tt0112471"
    },
    {
        "Type": "Movie",
        "Title": "Batman Begins",
        "Poster": "https://m.media-amazon.com/images/M/MV5BOTY4YjI2N2MtYmFlMC00ZjcyLTg3YjEtMDQyM2ZjYzQ5YWFkXkEyXkFqcGdeQXVyMTQxNzMzNDI@._V1_.jpg",
        "Year": "2005-06-15",
        "imdbID": "tt0372784"
    },
    {
        "Type": "Movie",
        "Title": "Barry Lyndon",
        "Poster": "https://m.media-amazon.com/images/M/MV5BNmY0MWY2NDctZDdmMi00MjA1LTk0ZTQtZDMyZTQ1NTNlYzVjXkEyXkFqcGdeQXVyMjUzOTY1NTc@._V1_.jpg",
        "Year": "1975-12-18",
        "imdbID": "tt0072684"
    },
    {
        "Type": "Movie",
        "Title": "Back to the Future",
        "Poster": "https://m.media-amazon.com/images/M/MV5BZmU0M2Y1OGUtZjIxNi00ZjBkLTg1MjgtOWIyNThiZWIwYjRiXkEyXkFqcGdeQXVyMTQxNzMzNDI@._V1_.jpg",
        "Year": "1985-07-03",
        "imdbID": "tt0088763"
    },
    {
        "Type": "Movie",
        "Title": "Bacheha-Ye aseman",
        "Poster": "https://m.media-amazon.com/images/M/MV5BZTYwZWQ4ZTQtZWU0MS00N2YwLWEzMDItZWFkZWY0MWVjODVhXkEyXkFqcGdeQXVyNjU0OTQ0OTY@._V1_.jpg",
        "Year": "1999-01-22",
        "imdbID": "tt0118849"
    },
    {
        "Type": "Movie",
        "Title": "Babam ve Oglum",
        "Poster": "https://m.media-amazon.com/images/M/MV5BNjAzMzEwYzctNjc1MC00Nzg5LWFmMGItMTgzYmMyNTY2OTQ4XkEyXkFqcGdeQXVyNjU0OTQ0OTY@._V1_.jpg",
        "Year": "2005-11-18",
        "imdbID": "tt0476735"
    },
    {
        "Type": "Movie",
        "Title": "Avengers: Infinity War",
        "Poster": "https://m.media-amazon.com/images/M/MV5BMjMxNjY2MDU1OV5BMl5BanBnXkFtZTgwNzY1MTUwNTM@._V1_.jpg",
        "Year": "2018-04-27",
        "imdbID": "tt4154756"
    },
    {
        "Type": "Movie",
        "Title": "Avengers: Endgame",
        "Poster": "https://m.media-amazon.com/images/M/MV5BMTc5MDE2ODcwNV5BMl5BanBnXkFtZTgwMzI2NzQ2NzM@._V1_.jpg",
        "Year": "2019-04-26",
        "imdbID": "tt4154796"
    },
    {
        "Type": "Movie",
        "Title": "Apocalypse Now",
        "Poster": "https://m.media-amazon.com/images/M/MV5BMDdhODg0MjYtYzBiOS00ZmI5LWEwZGYtZDEyNDU4MmQyNzFkXkEyXkFqcGdeQXVyNzkwMjQ5NzM@._V1_.jpg",
        "Year": "1979-08-15",
        "imdbID": "tt0078788"
    },
    {
        "Type": "Movie",
        "Title": "Andhadhun",
        "Poster": "https://m.media-amazon.com/images/M/MV5BZWZhMjhhZmYtOTIzOC00MGYzLWI1OGYtM2ZkN2IxNTI4ZWI3XkEyXkFqcGdeQXVyNDAzNDk0MTQ@._V1_.jpg",
        "Year": "2018-10-05",
        "imdbID": "tt8108198"
    },
    {
        "Type": "Movie",
        "Title": "Amores perros",
        "Poster": "https://m.media-amazon.com/images/M/MV5BMjQxMWJhMzMtMzllZi00NzMwLTllYjktNTcwZmU4ZmU3NTA0XkEyXkFqcGdeQXVyMTAzMDM4MjM0._V1_.jpg",
        "Year": "2001-04-13",
        "imdbID": "tt0245712"
    },
    {
        "Type": "Movie",
        "Title": "American History X",
        "Poster": "https://m.media-amazon.com/images/M/MV5BZTJhN2FkYWEtMGI0My00YWM4LWI2MjAtM2UwNjY4MTI2ZTQyXkEyXkFqcGdeQXVyNjc3MjQzNTI@._V1_.jpg",
        "Year": "1998-11-20",
        "imdbID": "tt0120586"
    },
    {
        "Type": "Movie",
        "Title": "American Beauty",
        "Poster": "https://m.media-amazon.com/images/M/MV5BNTBmZWJkNjctNDhiNC00MGE2LWEwOTctZTk5OGVhMWMyNmVhXkEyXkFqcGdeQXVyMTMxODk2OTU@._V1_.jpg",
        "Year": "1999-10-01",
        "imdbID": "tt0169547"
    },
    {
        "Type": "Movie",
        "Title": "Amadeus",
        "Poster": "https://m.media-amazon.com/images/M/MV5BNWJlNzUzNGMtYTAwMS00ZjI2LWFmNWQtODcxNWUxODA5YmU1XkEyXkFqcGdeQXVyNTIzOTk5ODM@._V1_.jpg",
        "Year": "1984-09-19",
        "imdbID": "tt0086879"
    },
    {
        "Type": "Movie",
        "Title": "All About Eve",
        "Poster": "https://m.media-amazon.com/images/M/MV5BMTY2MTAzODI5NV5BMl5BanBnXkFtZTgwMjM4NzQ0MjE@._V1_.jpg",
        "Year": "1950-10-27",
        "imdbID": "tt0042192"
    },
    {
        "Type": "Movie",
        "Title": "Aliens",
        "Poster": "https://m.media-amazon.com/images/M/MV5BZGU2OGY5ZTYtMWNhYy00NjZiLWI0NjUtZmNhY2JhNDRmODU3XkEyXkFqcGdeQXVyNzkwMjQ5NzM@._V1_.jpg",
        "Year": "1986-07-18",
        "imdbID": "tt0090605"
    },
    {
        "Type": "Movie",
        "Title": "Alien",
        "Poster": "https://m.media-amazon.com/images/M/MV5BMmQ2MmU3NzktZjAxOC00ZDZhLTk4YzEtMDMyMzcxY2IwMDAyXkEyXkFqcGdeQXVyNzkwMjQ5NzM@._V1_.jpg",
        "Year": "1979-06-22",
        "imdbID": "tt0078748"
    },
    {
        "Type": "Movie",
        "Title": "Ah-ga-ssi",
        "Poster": "https://m.media-amazon.com/images/M/MV5BNDJhYTk2MTctZmVmOS00OTViLTgxNjQtMzQxOTRiMDdmNGRjXkEyXkFqcGdeQXVyMTMxODk2OTU@._V1_.jpg",
        "Year": "2016-06-01",
        "imdbID": "tt4016934"
    },
    {
        "Type": "Movie",
        "Title": "A Clockwork Orange",
        "Poster": "https://m.media-amazon.com/images/M/MV5BMTY3MjM1Mzc4N15BMl5BanBnXkFtZTgwODM0NzAxMDE@._V1_.jpg",
        "Year": "1972-02-02",
        "imdbID": "tt0066921"
    },
    {
        "Type": "Movie",
        "Title": "A Beautiful Mind",
        "Poster": "https://m.media-amazon.com/images/M/MV5BMzcwYWFkYzktZjAzNC00OGY1LWI4YTgtNzc5MzVjMDVmNjY0XkEyXkFqcGdeQXVyMTQxNzMzNDI@._V1_.jpg",
        "Year": "2002-01-04",
        "imdbID": "tt0268978"
    },
    {
        "Type": "Movie",
        "Title": "3 Idiots",
        "Poster": "https://m.media-amazon.com/images/M/MV5BNTkyOGVjMGEtNmQzZi00NzFlLTlhOWQtODYyMDc2ZGJmYzFhXkEyXkFqcGdeQXVyNjU0OTQ0OTY@._V1_.jpg",
        "Year": "2009-12-25",
        "imdbID": "tt1187043"
    },
    {
        "Type": "Movie",
        "Title": "2001: A Space Odyssey",
        "Poster": "https://m.media-amazon.com/images/M/MV5BMmNlYzRiNDctZWNhMi00MzI4LThkZTctMTUzMmZkMmFmNThmXkEyXkFqcGdeQXVyNzkwMjQ5NzM@._V1_.jpg",
        "Year": "1970-06-24",
        "imdbID": "tt0062622"
    },
    {
        "Type": "Movie",
        "Title": "1917",
        "Poster": "https://m.media-amazon.com/images/M/MV5BOTdmNTFjNDEtNzg0My00ZjkxLTg1ZDAtZTdkMDc2ZmFiNWQ1XkEyXkFqcGdeQXVyNTAzNzgwNTg@._V1_.jpg",
        "Year": "2020-01-10",
        "imdbID": "tt8579674"
    },
    {
        "Type": "Movie",
        "Title": "12 Years a Slave",
        "Poster": "https://m.media-amazon.com/images/M/MV5BMjExMTEzODkyN15BMl5BanBnXkFtZTcwNTU4NTc4OQ@@._V1_.jpg",
        "Year": "2013-11-08",
        "imdbID": "tt2024544"
    },
    {
        "Type": "Movie",
        "Title": "12 Angry Men",
        "Poster": "https://m.media-amazon.com/images/M/MV5BMWU4N2FjNzYtNTVkNC00NzQ0LTg0MjAtYTJlMjFhNGUxZDFmXkEyXkFqcGdeQXVyNjc1NTYyMjg@._V1_.jpg",
        "Year": "1957-04-10",
        "imdbID": "tt0050083"
    }
]
